X,Y,Z,energy,LJ,Coulomb_ewald,Coulomb_real,Coulomb_fourier,alpha,tail_correction,k_vec
0.4536403466965052,4.579420962080019,3.234962939662912,899503.74729272,983642.44896523,-84138.70167251,-93684.48229809,9545.78062558,0.341429,-26248.85905037,13;16;13
-1.1408770626568252,7.645282170239827,9.704888818988735,8283.0706526,26954.61341925,-18671.54276665,-9991.92744923,-8679.61531742,0.341429,-26248.85905037,13;16;13
0.8847034494428462,10.67240167808025,3.234962939662912,974650.62917085,999203.33858872,-24552.70941787,-15686.48054111,-8866.22887676,0.341429,-26248.85905037,13;16;13
-0.7098139599104841,13.738262886240058,9.704888818988735,224463.99759635,180164.53291128,44299.46468507,34498.14889646,9801.31578861,0.341429,-26248.85905037,13;16;13
2.5243753466965053,4.579420962080019,3.234962939662912,232184.79797701,187764.27752085,44420.52045616,34540.69526878,9879.82518739,0.341429,-26248.85905037,13;16;13
0.9298579373431751,7.645282170239827,9.704888818988735,1465899.70676949,1491076.55634823,-25176.84957874,-16489.37482528,-8687.47475346,0.341429,-26248.85905037,13;16;13
2.955438449442846,10.67240167808025,3.234962939662912,-701.96979985,17514.08843032,-18216.05823017,-9360.3984372,-8855.65979297,0.341429,-26248.85905037,13;16;13
1.360921040089516,13.738262886240058,9.704888818988735,773355.44099433,853947.40563266,-80591.96463833,-90058.80832869,9466.84369036,0.341429,-26248.85905037,13;16;13
