X,Y,Z,energy,LJ,Coulomb_ewald,Coulomb_real,Coulomb_fourier,alpha,tail_correction,k_vec
1.8879400000000004,1.8879250000000003,3.22081,12202.71665842,1159.62921003,11043.08744839,12048.82338059,-1005.7359322,0.341429,-21026.51913251,13;13;11
1.8879400000000008,1.8879250000000007,9.66243,93764.45649174,71524.40483954,22240.0516522,20920.64917827,1319.40247393,0.341429,-21026.51913251,13;13;11
1.8879400000000006,5.663775,3.22081,2173100.61172184,2172928.92708879,171.68463304,-442.96952411,614.65415715,0.341429,-21026.51913251,13;13;11
1.887940000000001,5.663775000000001,9.66243,61401.81409033,83795.08270419,-22393.26861386,-21452.04393571,-941.22467815,0.341429,-21026.51913251,13;13;11
5.663819999999999,1.8879250000000003,3.22081,61337.0848504,83732.39561586,-22395.31076546,-21454.95691793,-940.35384752,0.341429,-21026.51913251,13;13;11
5.66382,1.8879250000000007,9.66243,2173072.21915068,2172908.04824215,164.17090853,-448.06801256,612.23892109,0.341429,-21026.51913251,13;13;11
5.663819999999999,5.663775,3.22081,93769.24442035,71525.80928178,22243.43513857,20921.67729843,1321.75784013,0.341429,-21026.51913251,13;13;11
5.66382,5.663775000000001,9.66243,12185.34089762,1133.0336526,11052.30724502,12058.54554142,-1006.2382964,0.341429,-21026.51913251,13;13;11
